{
  "project_info": {
    "project_number": "838815164540",
    "firebase_url": "https://chatbots-73751-default-rtdb.firebaseio.com",
    "project_id": "chatbots-73751",
    "storage_bucket": "chatbots-73751.firebasestorage.app"
  },
  "client": [
    {
      "client_info": {
        "mobilesdk_app_id": "1:838815164540:android:3d561dd378dcde39ab01f9",
        "android_client_info": {
          "package_name": "com.example.womensafety"
        }
      },
      "oauth_client": [],
      "api_key": [
        {
          "current_key": "AIzaSyBAQtf1G_hc5oYlaXh_oOZujiBKcbHhnUc"
        }
      ],
      "services": {
        "appinvite_service": {
          "other_platform_oauth_client": []
        }
      }
    }
  ],
  "configuration_version": "1"
}