{
  "project_info": {
    "project_number": "270559683959",
    "project_id": "dekhlo-15d3e",
    "storage_bucket": "dekhlo-15d3e.firebasestorage.app"
  },
  "client": [
    {
      "client_info": {
        "mobilesdk_app_id": "1:270559683959:android:18cda4d8a57d8da2eaed72",
        "android_client_info": {
          "package_name": "com.example.testkrlo"
        }
      },
      "oauth_client": [],
      "api_key": [
        {
          "current_key": "AIzaSyAhA0j8LhS6JmZu7MmBLOR8LjDaqTI-XmQ"
        }
      ],
      "services": {
        "appinvite_service": {
          "other_platform_oauth_client": []
        }
      }
    }
  ],
  "configuration_version": "1"
}